7,0,U+20B9F,𠮟
7,1,U+4E00,一
7,2,U+4E01,丁
7,3,U+4E03,七
7,4,U+4E07,万
7,5,U+4E08,丈
7,6,U+4E09,三
7,7,U+4E0A,上
7,8,U+4E0B,下
7,9,U+4E0D,不
7,A,U+4E0E,与
7,B,U+4E14,且
7,C,U+4E16,世
7,D,U+4E18,丘
7,E,U+4E19,丙
7,F,U+4E21,両
7,10,U+4E26,並
7,11,U+4E2D,中
7,12,U+4E32,串
7,13,U+4E38,丸
7,14,U+4E39,丹
7,15,U+4E3B,主
7,16,U+4E3C,丼
7,17,U+4E45,久
7,18,U+4E4F,乏
7,19,U+4E57,乗
7,1A,U+4E59,乙
7,1B,U+4E5D,九
7,1C,U+4E5E,乞
7,1D,U+4E71,乱
7,1E,U+4E73,乳
7,1F,U+4E7E,乾
7,20,U+4E80,亀
7,21,U+4E86,了
7,22,U+4E88,予
7,23,U+4E89,争
7,24,U+4E8B,事
7,25,U+4E8C,二
7,26,U+4E92,互
7,27,U+4E94,五
7,28,U+4E95,井
7,29,U+4E9C,亜
7,2A,U+4EA1,亡
7,2B,U+4EA4,交
7,2C,U+4EAB,享
7,2D,U+4EAC,京
7,2E,U+4EAD,亭
7,2F,U+4EBA,人
7,30,U+4EC1,仁
7,31,U+4ECA,今
7,32,U+4ECB,介
7,33,U+4ECF,仏
7,34,U+4ED5,仕
7,35,U+4ED6,他
7,36,U+4ED8,付
7,37,U+4ED9,仙
7,38,U+4EE3,代
7,39,U+4EE4,令
7,3A,U+4EE5,以
7,3B,U+4EEE,仮
7,3C,U+4EF0,仰
7,3D,U+4EF2,仲
7,3E,U+4EF6,件
7,3F,U+4EFB,任
7,40,U+4F01,企
7,41,U+4F0E,伎
7,42,U+4F0F,伏
7,43,U+4F10,伐
7,44,U+4F11,休
7,45,U+4F1A,会
7,46,U+4F1D,伝
7,47,U+4F2F,伯
7,48,U+4F34,伴
7,49,U+4F38,伸
7,4A,U+4F3A,伺
7,4B,U+4F3C,似
7,4C,U+4F46,但
7,4D,U+4F4D,位
7,4E,U+4F4E,低
7,4F,U+4F4F,住
7,50,U+4F50,佐
7,51,U+4F53,体
7,52,U+4F55,何
7,53,U+4F59,余
7,54,U+4F5C,作
7,55,U+4F73,佳
7,56,U+4F75,併
7,57,U+4F7F,使
7,58,U+4F8B,例
7,59,U+4F8D,侍
7,5A,U+4F9B,供
7,5B,U+4F9D,依
7,5C,U+4FA1,価
7,5D,U+4FAE,侮
7,5E,U+4FAF,侯
7,5F,U+4FB5,侵
7,60,U+4FB6,侶
7,61,U+4FBF,便
7,62,U+4FC2,係
7,63,U+4FC3,促
7,64,U+4FCA,俊
7,65,U+4FD7,俗
7,66,U+4FDD,保
7,67,U+4FE1,信
7,68,U+4FEE,修
7,69,U+4FF3,俳
7,6A,U+4FF5,俵
7,6B,U+4FF8,俸
7,6C,U+4FFA,俺
7,6D,U+5009,倉
7,6E,U+500B,個
7,6F,U+500D,倍
7,70,U+5012,倒
7,71,U+5019,候
7,72,U+501F,借
7,73,U+5023,倣
7,74,U+5024,値
7,75,U+502B,倫
7,76,U+5039,倹
7,77,U+5049,偉
7,78,U+504F,偏
7,79,U+505C,停
7,7A,U+5065,健
7,7B,U+5074,側
7,7C,U+5075,偵
7,7D,U+5076,偶
7,7E,U+507D,偽
7,7F,U+508D,傍
7,80,U+5091,傑
7,81,U+5098,傘
7,82,U+5099,備
7,83,U+50AC,催
7,84,U+50B2,傲
7,85,U+50B5,債
7,86,U+50B7,傷
7,87,U+50BE,傾
7,88,U+50C5,僅
7,89,U+50CD,働
7,8A,U+50CF,像
7,8B,U+50D5,僕
7,8C,U+50DA,僚
7,8D,U+50E7,僧
7,8E,U+5100,儀
7,8F,U+5104,億
7,90,U+5112,儒
7,91,U+511F,償
7,92,U+512A,優
7,93,U+5143,元
7,94,U+5144,兄
7,95,U+5145,充
7,96,U+5146,兆
7,97,U+5148,先
7,98,U+5149,光
7,99,U+514B,克
7,9A,U+514D,免
7,9B,U+5150,児
7,9C,U+515A,党
7,9D,U+5165,入
7,9E,U+5168,全
7,9F,U+516B,八
7,A0,U+516C,公
7,A1,U+516D,六
7,A2,U+5171,共
7,A3,U+5175,兵
7,A4,U+5177,具
7,A5,U+5178,典
7,A6,U+517C,兼
7,A7,U+5185,内
7,A8,U+5186,円
7,A9,U+518A,冊
7,AA,U+518D,再
7,AB,U+5192,冒
7,AC,U+5197,冗
7,AD,U+5199,写
7,AE,U+51A0,冠
7,AF,U+51A5,冥
7,B0,U+51AC,冬
7,B1,U+51B6,冶
7,B2,U+51B7,冷
7,B3,U+51C4,凄
7,B4,U+51C6,准
7,B5,U+51CD,凍
7,B6,U+51DD,凝
7,B7,U+51E1,凡
7,B8,U+51E6,処
7,B9,U+51F6,凶
7,BA,U+51F8,凸
7,BB,U+51F9,凹
7,BC,U+51FA,出
7,BD,U+5200,刀
7,BE,U+5203,刃
7,BF,U+5206,分
7,C0,U+5207,切
7,C1,U+5208,刈
7,C2,U+520A,刊
7,C3,U+5211,刑
7,C4,U+5217,列
7,C5,U+521D,初
7,C6,U+5224,判
7,C7,U+5225,別
7,C8,U+5229,利
7,C9,U+5230,到
7,CA,U+5236,制
7,CB,U+5237,刷
7,CC,U+5238,券
7,CD,U+5239,刹
7,CE,U+523A,刺
7,CF,U+523B,刻
7,D0,U+5247,則
7,D1,U+524A,削
7,D2,U+524D,前
7,D3,U+5256,剖
7,D4,U+525B,剛
7,D5,U+525D,剝
7,D6,U+5263,剣
7,D7,U+5264,剤
7,D8,U+526F,副
7,D9,U+5270,剰
7,DA,U+5272,割
7,DB,U+5275,創
7,DC,U+5287,劇
7,DD,U+529B,力
7,DE,U+529F,功
7,DF,U+52A0,加
7,E0,U+52A3,劣
7,E1,U+52A9,助
7,E2,U+52AA,努
7,E3,U+52B1,励
7,E4,U+52B4,労
7,E5,U+52B9,効
7,E6,U+52BE,劾
7,E7,U+52C3,勃
7,E8,U+52C5,勅
7,E9,U+52C7,勇
7,EA,U+52C9,勉
7,EB,U+52D5,動
7,EC,U+52D8,勘
7,ED,U+52D9,務
7,EE,U+52DD,勝
7,EF,U+52DF,募
7,F0,U+52E2,勢
7,F1,U+52E4,勤
7,F2,U+52E7,勧
7,F3,U+52F2,勲
7,F4,U+52FE,勾
7,F5,U+5302,匂
7,F6,U+5305,包
7,F7,U+5316,化
7,F8,U+5317,北
7,F9,U+5320,匠
7,FA,U+5339,匹
7,FB,U+533A,区
7,FC,U+533B,医
7,FD,U+533F,匿
7,FE,U+5341,十
7,FF,U+5343,千
8,0,U+5347,升
8,1,U+5348,午
8,2,U+534A,半
8,3,U+5351,卑
8,4,U+5352,卒
8,5,U+5353,卓
8,6,U+5354,協
8,7,U+5357,南
8,8,U+5358,単
8,9,U+535A,博
8,A,U+5360,占
8,B,U+5370,印
8,C,U+5371,危
8,D,U+5373,即
8,E,U+5374,却
8,F,U+5375,卵
8,10,U+5378,卸
8,11,U+5384,厄
8,12,U+5398,厘
8,13,U+539A,厚
8,14,U+539F,原
8,15,U+53B3,厳
8,16,U+53BB,去
8,17,U+53C2,参
8,18,U+53C8,又
8,19,U+53CA,及
8,1A,U+53CB,友
8,1B,U+53CC,双
8,1C,U+53CD,反
8,1D,U+53CE,収
8,1E,U+53D4,叔
8,1F,U+53D6,取
8,20,U+53D7,受
8,21,U+53D9,叙
8,22,U+53E3,口
8,23,U+53E4,古
8,24,U+53E5,句
8,25,U+53EB,叫
8,26,U+53EC,召
8,27,U+53EF,可
8,28,U+53F0,台
8,29,U+53F2,史
8,2A,U+53F3,右
8,2B,U+53F7,号
8,2C,U+53F8,司
8,2D,U+5404,各
8,2E,U+5408,合
8,2F,U+5409,吉
8,30,U+540C,同
8,31,U+540D,名
8,32,U+540E,后
8,33,U+540F,吏
8,34,U+5410,吐
8,35,U+5411,向
8,36,U+541B,君
8,37,U+541F,吟
8,38,U+5426,否
8,39,U+542B,含
8,3A,U+5438,吸
8,3B,U+5439,吹
8,3C,U+5442,呂
8,3D,U+5448,呈
8,3E,U+5449,呉
8,3F,U+544A,告
8,40,U+5468,周
8,41,U+546A,呪
8,42,U+5473,味
8,43,U+547C,呼
8,44,U+547D,命
8,45,U+548C,和
8,46,U+54B2,咲
8,47,U+54BD,咽
8,48,U+54C0,哀
8,49,U+54C1,品
8,4A,U+54E1,員
8,4B,U+54F2,哲
8,4C,U+54FA,哺
8,4D,U+5504,唄
8,4E,U+5506,唆
8,4F,U+5507,唇
8,50,U+5510,唐
8,51,U+552F,唯
8,52,U+5531,唱
8,53,U+553E,唾
8,54,U+5546,商
8,55,U+554F,問
8,56,U+5553,啓
8,57,U+5584,善
8,58,U+5589,喉
8,59,U+559A,喚
8,5A,U+559C,喜
8,5B,U+559D,喝
8,5C,U+55A9,喩
8,5D,U+55AA,喪
8,5E,U+55AB,喫
8,5F,U+55B6,営
8,60,U+55C5,嗅
8,61,U+55E3,嗣
8,62,U+5606,嘆
8,63,U+5631,嘱
8,64,U+5632,嘲
8,65,U+5668,器
8,66,U+5674,噴
8,67,U+5687,嚇
8,68,U+56DA,囚
8,69,U+56DB,四
8,6A,U+56DE,回
8,6B,U+56E0,因
8,6C,U+56E3,団
8,6D,U+56F0,困
8,6E,U+56F2,囲
8,6F,U+56F3,図
8,70,U+56FA,固
8,71,U+56FD,国
8,72,U+570F,圏
8,73,U+5712,園
8,74,U+571F,土
8,75,U+5727,圧
8,76,U+5728,在
8,77,U+5730,地
8,78,U+5742,坂
8,79,U+5747,均
8,7A,U+574A,坊
8,7B,U+5751,坑
8,7C,U+576A,坪
8,7D,U+5782,垂
8,7E,U+578B,型
8,7F,U+57A3,垣
8,80,U+57CB,埋
8,81,U+57CE,城
8,82,U+57DF,域
8,83,U+57F7,執
8,84,U+57F9,培
8,85,U+57FA,基
8,86,U+57FC,埼
8,87,U+5800,堀
8,88,U+5802,堂
8,89,U+5805,堅
8,8A,U+5806,堆
8,8B,U+5815,堕
8,8C,U+5824,堤
8,8D,U+582A,堪
8,8E,U+5831,報
8,8F,U+5834,場
8,90,U+5840,塀
8,91,U+5841,塁
8,92,U+584A,塊
8,93,U+5851,塑
8,94,U+5854,塔
8,95,U+5857,塗
8,96,U+585A,塚
8,97,U+585E,塞
8,98,U+5861,塡
8,99,U+5869,塩
8,9A,U+587E,塾
8,9B,U+5883,境
8,9C,U+5893,墓
8,9D,U+5897,増
8,9E,U+589C,墜
8,9F,U+58A8,墨
8,A0,U+58B3,墳
8,A1,U+58BE,墾
8,A2,U+58C1,壁
8,A3,U+58C7,壇
8,A4,U+58CA,壊
8,A5,U+58CC,壌
8,A6,U+58EB,士
8,A7,U+58EE,壮
8,A8,U+58F0,声
8,A9,U+58F1,壱
8,AA,U+58F2,売
8,AB,U+5909,変
8,AC,U+590F,夏
8,AD,U+5915,夕
8,AE,U+5916,外
8,AF,U+591A,多
8,B0,U+591C,夜
8,B1,U+5922,夢
8,B2,U+5927,大
8,B3,U+5929,天
8,B4,U+592A,太
8,B5,U+592B,夫
8,B6,U+592E,央
8,B7,U+5931,失
8,B8,U+5947,奇
8,B9,U+5948,奈
8,BA,U+5949,奉
8,BB,U+594F,奏
8,BC,U+5951,契
8,BD,U+5954,奔
8,BE,U+5965,奥
8,BF,U+5968,奨
8,C0,U+596A,奪
8,C1,U+596E,奮
8,C2,U+5973,女
8,C3,U+5974,奴
8,C4,U+597D,好
8,C5,U+5982,如
8,C6,U+5983,妃
8,C7,U+5984,妄
8,C8,U+598A,妊
8,C9,U+5996,妖
8,CA,U+5999,妙
8,CB,U+59A5,妥
8,CC,U+59A8,妨
8,CD,U+59AC,妬
8,CE,U+59B9,妹
8,CF,U+59BB,妻
8,D0,U+59C9,姉
8,D1,U+59CB,始
8,D2,U+59D3,姓
8,D3,U+59D4,委
8,D4,U+59EB,姫
8,D5,U+59FB,姻
8,D6,U+59FF,姿
8,D7,U+5A01,威
8,D8,U+5A18,娘
8,D9,U+5A20,娠
8,DA,U+5A2F,娯
8,DB,U+5A46,婆
8,DC,U+5A5A,婚
8,DD,U+5A66,婦
8,DE,U+5A7F,婿
8,DF,U+5A92,媒
8,E0,U+5A9B,媛
8,E1,U+5AC1,嫁
8,E2,U+5AC9,嫉
8,E3,U+5ACC,嫌
8,E4,U+5AE1,嫡
8,E5,U+5B22,嬢
8,E6,U+5B50,子
8,E7,U+5B54,孔
8,E8,U+5B57,字
8,E9,U+5B58,存
8,EA,U+5B5D,孝
8,EB,U+5B63,季
8,EC,U+5B64,孤
8,ED,U+5B66,学
8,EE,U+5B6B,孫
8,EF,U+5B85,宅
8,F0,U+5B87,宇
8,F1,U+5B88,守
8,F2,U+5B89,安
8,F3,U+5B8C,完
8,F4,U+5B97,宗
8,F5,U+5B98,官
8,F6,U+5B99,宙
8,F7,U+5B9A,定
8,F8,U+5B9B,宛
8,F9,U+5B9C,宜
8,FA,U+5B9D,宝
8,FB,U+5B9F,実
8,FC,U+5BA2,客
8,FD,U+5BA3,宣
8,FE,U+5BA4,室
8,FF,U+5BAE,宮
9,0,U+5BB0,宰
9,1,U+5BB3,害
9,2,U+5BB4,宴
9,3,U+5BB5,宵
9,4,U+5BB6,家
9,5,U+5BB9,容
9,6,U+5BBF,宿
9,7,U+5BC2,寂
9,8,U+5BC4,寄
9,9,U+5BC6,密
9,A,U+5BCC,富
9,B,U+5BD2,寒
9,C,U+5BDB,寛
9,D,U+5BDD,寝
9,E,U+5BDF,察
9,F,U+5BE1,寡
9,10,U+5BE7,寧
9,11,U+5BE9,審
9,12,U+5BEE,寮
9,13,U+5BF8,寸
9,14,U+5BFA,寺
9,15,U+5BFE,対
9,16,U+5BFF,寿
9,17,U+5C01,封
9,18,U+5C02,専
9,19,U+5C04,射
9,1A,U+5C06,将
9,1B,U+5C09,尉
9,1C,U+5C0A,尊
9,1D,U+5C0B,尋
9,1E,U+5C0E,導
9,1F,U+5C0F,小
9,20,U+5C11,少
9,21,U+5C1A,尚
9,22,U+5C31,就
9,23,U+5C3A,尺
9,24,U+5C3B,尻
9,25,U+5C3C,尼
9,26,U+5C3D,尽
9,27,U+5C3E,尾
9,28,U+5C3F,尿
9,29,U+5C40,局
9,2A,U+5C45,居
9,2B,U+5C48,屈
9,2C,U+5C4A,届
9,2D,U+5C4B,屋
9,2E,U+5C55,展
9,2F,U+5C5E,属
9,30,U+5C64,層
9,31,U+5C65,履
9,32,U+5C6F,屯
9,33,U+5C71,山
9,34,U+5C90,岐
9,35,U+5CA1,岡
9,36,U+5CA9,岩
9,37,U+5CAC,岬
9,38,U+5CB3,岳
9,39,U+5CB8,岸
9,3A,U+5CE0,峠
9,3B,U+5CE1,峡
9,3C,U+5CF0,峰
9,3D,U+5CF6,島
9,3E,U+5D07,崇
9,3F,U+5D0E,崎
9,40,U+5D16,崖
9,41,U+5D29,崩
9,42,U+5D50,嵐
9,43,U+5DDD,川
9,44,U+5DDE,州
9,45,U+5DE1,巡
9,46,U+5DE3,巣
9,47,U+5DE5,工
9,48,U+5DE6,左
9,49,U+5DE7,巧
9,4A,U+5DE8,巨
9,4B,U+5DEE,差
9,4C,U+5DF1,己
9,4D,U+5DFB,巻
9,4E,U+5DFE,巾
9,4F,U+5E02,市
9,50,U+5E03,布
9,51,U+5E06,帆
9,52,U+5E0C,希
9,53,U+5E1D,帝
9,54,U+5E25,帥
9,55,U+5E2B,師
9,56,U+5E2D,席
9,57,U+5E2F,帯
9,58,U+5E30,帰
9,59,U+5E33,帳
9,5A,U+5E38,常
9,5B,U+5E3D,帽
9,5C,U+5E45,幅
9,5D,U+5E55,幕
9,5E,U+5E63,幣
9,5F,U+5E72,干
9,60,U+5E73,平
9,61,U+5E74,年
9,62,U+5E78,幸
9,63,U+5E79,幹
9,64,U+5E7B,幻
9,65,U+5E7C,幼
9,66,U+5E7D,幽
9,67,U+5E7E,幾
9,68,U+5E81,庁
9,69,U+5E83,広
9,6A,U+5E8A,床
9,6B,U+5E8F,序
9,6C,U+5E95,底
9,6D,U+5E97,店
9,6E,U+5E9C,府
9,6F,U+5EA6,度
9,70,U+5EA7,座
9,71,U+5EAB,庫
9,72,U+5EAD,庭
9,73,U+5EB6,庶
9,74,U+5EB7,康
9,75,U+5EB8,庸
9,76,U+5EC3,廃
9,77,U+5EC9,廉
9,78,U+5ECA,廊
9,79,U+5EF6,延
9,7A,U+5EF7,廷
9,7B,U+5EFA,建
9,7C,U+5F01,弁
9,7D,U+5F04,弄
9,7E,U+5F0A,弊
9,7F,U+5F0F,式
9,80,U+5F10,弐
9,81,U+5F13,弓
9,82,U+5F14,弔
9,83,U+5F15,引
9,84,U+5F1F,弟
9,85,U+5F25,弥
9,86,U+5F26,弦
9,87,U+5F27,弧
9,88,U+5F31,弱
9,89,U+5F35,張
9,8A,U+5F37,強
9,8B,U+5F3E,弾
9,8C,U+5F53,当
9,8D,U+5F59,彙
9,8E,U+5F62,形
9,8F,U+5F69,彩
9,90,U+5F6B,彫
9,91,U+5F70,彰
9,92,U+5F71,影
9,93,U+5F79,役
9,94,U+5F7C,彼
9,95,U+5F80,往
9,96,U+5F81,征
9,97,U+5F84,径
9,98,U+5F85,待
9,99,U+5F8B,律
9,9A,U+5F8C,後
9,9B,U+5F90,徐
9,9C,U+5F92,徒
9,9D,U+5F93,従
9,9E,U+5F97,得
9,9F,U+5FA1,御
9,A0,U+5FA9,復
9,A1,U+5FAA,循
9,A2,U+5FAE,微
9,A3,U+5FB3,徳
9,A4,U+5FB4,徴
9,A5,U+5FB9,徹
9,A6,U+5FC3,心
9,A7,U+5FC5,必
9,A8,U+5FCC,忌
9,A9,U+5FCD,忍
9,AA,U+5FD7,志
9,AB,U+5FD8,忘
9,AC,U+5FD9,忙
9,AD,U+5FDC,応
9,AE,U+5FE0,忠
9,AF,U+5FEB,快
9,B0,U+5FF5,念
9,B1,U+6012,怒
9,B2,U+6016,怖
9,B3,U+601D,思
9,B4,U+6020,怠
9,B5,U+6025,急
9,B6,U+6027,性
9,B7,U+6028,怨
9,B8,U+602A,怪
9,B9,U+604B,恋
9,BA,U+6050,恐
9,BB,U+6052,恒
9,BC,U+6063,恣
9,BD,U+6065,恥
9,BE,U+6068,恨
9,BF,U+6069,恩
9,C0,U+606D,恭
9,C1,U+606F,息
9,C2,U+6075,恵
9,C3,U+6094,悔
9,C4,U+609F,悟
9,C5,U+60A0,悠
9,C6,U+60A3,患
9,C7,U+60A6,悦
9,C8,U+60A9,悩
9,C9,U+60AA,悪
9,CA,U+60B2,悲
9,CB,U+60BC,悼
9,CC,U+60C5,情
9,CD,U+60D1,惑
9,CE,U+60DC,惜
9,CF,U+60E7,惧
9,D0,U+60E8,惨
9,D1,U+60F0,惰
9,D2,U+60F3,想
9,D3,U+6101,愁
9,D4,U+6109,愉
9,D5,U+610F,意
9,D6,U+611A,愚
9,D7,U+611B,愛
9,D8,U+611F,感
9,D9,U+6144,慄
9,DA,U+6148,慈
9,DB,U+614B,態
9,DC,U+614C,慌
9,DD,U+614E,慎
9,DE,U+6155,慕
9,DF,U+6162,慢
9,E0,U+6163,慣
9,E1,U+6168,慨
9,E2,U+616E,慮
9,E3,U+6170,慰
9,E4,U+6176,慶
9,E5,U+6182,憂
9,E6,U+618E,憎
9,E7,U+61A4,憤
9,E8,U+61A7,憧
9,E9,U+61A9,憩
9,EA,U+61AC,憬
9,EB,U+61B2,憲
9,EC,U+61B6,憶
9,ED,U+61BE,憾
9,EE,U+61C7,懇
9,EF,U+61D0,懐
9,F0,U+61F2,懲
9,F1,U+61F8,懸
9,F2,U+6210,成
9,F3,U+6211,我
9,F4,U+6212,戒
9,F5,U+621A,戚
9,F6,U+6226,戦
9,F7,U+622F,戯
9,F8,U+6234,戴
9,F9,U+6238,戸
9,FA,U+623B,戻
9,FB,U+623F,房
9,FC,U+6240,所
9,FD,U+6247,扇
9,FE,U+6249,扉
9,FF,U+624B,手
A,0,U+624D,才
A,1,U+6253,打
A,2,U+6255,払
A,3,U+6271,扱
A,4,U+6276,扶
A,5,U+6279,批
A,6,U+627F,承
A,7,U+6280,技
A,8,U+6284,抄
A,9,U+628A,把
A,A,U+6291,抑
A,B,U+6295,投
A,C,U+6297,抗
A,D,U+6298,折
A,E,U+629C,抜
A,F,U+629E,択
A,10,U+62AB,披
A,11,U+62B1,抱
A,12,U+62B5,抵
A,13,U+62B9,抹
A,14,U+62BC,押
A,15,U+62BD,抽
A,16,U+62C5,担
A,17,U+62C9,拉
A,18,U+62CD,拍
A,19,U+62D0,拐
A,1A,U+62D2,拒
A,1B,U+62D3,拓
A,1C,U+62D8,拘
A,1D,U+62D9,拙
A,1E,U+62DB,招
A,1F,U+62DD,拝
A,20,U+62E0,拠
A,21,U+62E1,拡
A,22,U+62EC,括
A,23,U+62ED,拭
A,24,U+62F3,拳
A,25,U+62F6,拶
A,26,U+62F7,拷
A,27,U+62FE,拾
A,28,U+6301,持
A,29,U+6307,指
A,2A,U+6311,挑
A,2B,U+6319,挙
A,2C,U+631F,挟
A,2D,U+6328,挨
A,2E,U+632B,挫
A,2F,U+632F,振
A,30,U+633F,挿
A,31,U+6349,捉
A,32,U+6355,捕
A,33,U+6357,捗
A,34,U+635C,捜
A,35,U+6368,捨
A,36,U+636E,据
A,37,U+637B,捻
A,38,U+6383,掃
A,39,U+6388,授
A,3A,U+638C,掌
A,3B,U+6392,排
A,3C,U+6398,掘
A,3D,U+639B,掛
A,3E,U+63A1,採
A,3F,U+63A2,探
A,40,U+63A5,接
A,41,U+63A7,控
A,42,U+63A8,推
A,43,U+63AA,措
A,44,U+63B2,掲
A,45,U+63CF,描
A,46,U+63D0,提
A,47,U+63DA,揚
A,48,U+63DB,換
A,49,U+63E1,握
A,4A,U+63EE,揮
A,4B,U+63F4,援
A,4C,U+63FA,揺
A,4D,U+640D,損
A,4E,U+642C,搬
A,4F,U+642D,搭
A,50,U+643A,携
A,51,U+643E,搾
A,52,U+6442,摂
A,53,U+6458,摘
A,54,U+6469,摩
A,55,U+646F,摯
A,56,U+6483,撃
A,57,U+64A4,撤
A,58,U+64AE,撮
A,59,U+64B2,撲
A,5A,U+64C1,擁
A,5B,U+64CD,操
A,5C,U+64E6,擦
A,5D,U+64EC,擬
A,5E,U+652F,支
A,5F,U+6539,改
A,60,U+653B,攻
A,61,U+653E,放
A,62,U+653F,政
A,63,U+6545,故
A,64,U+654F,敏
A,65,U+6551,救
A,66,U+6557,敗
A,67,U+6559,教
A,68,U+6562,敢
A,69,U+6563,散
A,6A,U+656C,敬
A,6B,U+6570,数
A,6C,U+6574,整
A,6D,U+6575,敵
A,6E,U+6577,敷
A,6F,U+6587,文
A,70,U+6589,斉
A,71,U+658E,斎
A,72,U+6591,斑
A,73,U+6597,斗
A,74,U+6599,料
A,75,U+659C,斜
A,76,U+65A4,斤
A,77,U+65A5,斥
A,78,U+65AC,斬
A,79,U+65AD,断
A,7A,U+65B0,新
A,7B,U+65B9,方
A,7C,U+65BD,施
A,7D,U+65C5,旅
A,7E,U+65CB,旋
A,7F,U+65CF,族
A,80,U+65D7,旗
A,81,U+65E2,既
A,82,U+65E5,日
A,83,U+65E6,旦
A,84,U+65E7,旧
A,85,U+65E8,旨
A,86,U+65E9,早
A,87,U+65EC,旬
A,88,U+65FA,旺
A,89,U+6606,昆
A,8A,U+6607,昇
A,8B,U+660E,明
A,8C,U+6613,易
A,8D,U+6614,昔
A,8E,U+661F,星
A,8F,U+6620,映
A,90,U+6625,春
A,91,U+6627,昧
A,92,U+6628,昨
A,93,U+662D,昭
A,94,U+662F,是
A,95,U+663C,昼
A,96,U+6642,時
A,97,U+6669,晩
A,98,U+666E,普
A,99,U+666F,景
A,9A,U+6674,晴
A,9B,U+6676,晶
A,9C,U+6681,暁
A,9D,U+6687,暇
A,9E,U+6691,暑
A,9F,U+6696,暖
A,A0,U+6697,暗
A,A1,U+66A6,暦
A,A2,U+66AB,暫
A,A3,U+66AE,暮
A,A4,U+66B4,暴
A,A5,U+66C7,曇
A,A6,U+66D6,曖
A,A7,U+66DC,曜
A,A8,U+66F2,曲
A,A9,U+66F4,更
A,AA,U+66F8,書
A,AB,U+66F9,曹
A,AC,U+66FD,曽
A,AD,U+66FF,替
A,AE,U+6700,最
A,AF,U+6708,月
A,B0,U+6709,有
A,B1,U+670D,服
A,B2,U+6715,朕
A,B3,U+6717,朗
A,B4,U+671B,望
A,B5,U+671D,朝
A,B6,U+671F,期
A,B7,U+6728,木
A,B8,U+672A,未
A,B9,U+672B,末
A,BA,U+672C,本
A,BB,U+672D,札
A,BC,U+6731,朱
A,BD,U+6734,朴
A,BE,U+673A,机
A,BF,U+673D,朽
A,C0,U+6749,杉
A,C1,U+6750,材
A,C2,U+6751,村
A,C3,U+675F,束
A,C4,U+6761,条
A,C5,U+6765,来
A,C6,U+676F,杯
A,C7,U+6771,東
A,C8,U+677E,松
A,C9,U+677F,板
A,CA,U+6790,析
A,CB,U+6795,枕
A,CC,U+6797,林
A,CD,U+679A,枚
A,CE,U+679C,果
A,CF,U+679D,枝
A,D0,U+67A0,枠
A,D1,U+67A2,枢
A,D2,U+67AF,枯
A,D3,U+67B6,架
A,D4,U+67C4,柄
A,D5,U+67D0,某
A,D6,U+67D3,染
A,D7,U+67D4,柔
A,D8,U+67F1,柱
A,D9,U+67F3,柳
A,DA,U+67F5,柵
A,DB,U+67FB,査
A,DC,U+67FF,柿
A,DD,U+6803,栃
A,DE,U+6804,栄
A,DF,U+6813,栓
A,E0,U+6821,校
A,E1,U+682A,株
A,E2,U+6838,核
A,E3,U+6839,根
A,E4,U+683C,格
A,E5,U+683D,栽
A,E6,U+6841,桁
A,E7,U+6843,桃
A,E8,U+6848,案
A,E9,U+6851,桑
A,EA,U+685C,桜
A,EB,U+685F,桟
A,EC,U+6885,梅
A,ED,U+6897,梗
A,EE,U+68A8,梨
A,EF,U+68B0,械
A,F0,U+68C4,棄
A,F1,U+68CB,棋
A,F2,U+68D2,棒
A,F3,U+68DA,棚
A,F4,U+68DF,棟
A,F5,U+68EE,森
A,F6,U+68FA,棺
A,F7,U+6905,椅
A,F8,U+690D,植
A,F9,U+690E,椎
A,FA,U+691C,検
A,FB,U+696D,業
A,FC,U+6975,極
A,FD,U+6977,楷
A,FE,U+697C,楼
A,FF,U+697D,楽
B,0,U+6982,概
B,1,U+69CB,構
B,2,U+69D8,様
B,3,U+69FD,槽
B,4,U+6A19,標
B,5,U+6A21,模
B,6,U+6A29,権
B,7,U+6A2A,横
B,8,U+6A39,樹
B,9,U+6A4B,橋
B,A,U+6A5F,機
B,B,U+6B04,欄
B,C,U+6B20,欠
B,D,U+6B21,次
B,E,U+6B27,欧
B,F,U+6B32,欲
B,10,U+6B3A,欺
B,11,U+6B3E,款
B,12,U+6B4C,歌
B,13,U+6B53,歓
B,14,U+6B62,止
B,15,U+6B63,正
B,16,U+6B66,武
B,17,U+6B69,歩
B,18,U+6B6F,歯
B,19,U+6B73,歳
B,1A,U+6B74,歴
B,1B,U+6B7B,死
B,1C,U+6B89,殉
B,1D,U+6B8A,殊
B,1E,U+6B8B,残
B,1F,U+6B96,殖
B,20,U+6BB4,殴
B,21,U+6BB5,段
B,22,U+6BBA,殺
B,23,U+6BBB,殻
B,24,U+6BBF,殿
B,25,U+6BC0,毀
B,26,U+6BCD,母
B,27,U+6BCE,毎
B,28,U+6BD2,毒
B,29,U+6BD4,比
B,2A,U+6BDB,毛
B,2B,U+6C0F,氏
B,2C,U+6C11,民
B,2D,U+6C17,気
B,2E,U+6C34,水
B,2F,U+6C37,氷
B,30,U+6C38,永
B,31,U+6C3E,氾
B,32,U+6C41,汁
B,33,U+6C42,求
B,34,U+6C4E,汎
B,35,U+6C57,汗
B,36,U+6C5A,汚
B,37,U+6C5F,江
B,38,U+6C60,池
B,39,U+6C70,汰
B,3A,U+6C7A,決
B,3B,U+6C7D,汽
B,3C,U+6C83,沃
B,3D,U+6C88,沈
B,3E,U+6C96,沖
B,3F,U+6C99,沙
B,40,U+6CA1,没
B,41,U+6CA2,沢
B,42,U+6CB3,河
B,43,U+6CB8,沸
B,44,U+6CB9,油
B,45,U+6CBB,治
B,46,U+6CBC,沼
B,47,U+6CBF,沿
B,48,U+6CC1,況
B,49,U+6CC9,泉
B,4A,U+6CCA,泊
B,4B,U+6CCC,泌
B,4C,U+6CD5,法
B,4D,U+6CE1,泡
B,4E,U+6CE2,波
B,4F,U+6CE3,泣
B,50,U+6CE5,泥
B,51,U+6CE8,注
B,52,U+6CF0,泰
B,53,U+6CF3,泳
B,54,U+6D0B,洋
B,55,U+6D17,洗
B,56,U+6D1E,洞
B,57,U+6D25,津
B,58,U+6D2A,洪
B,59,U+6D3B,活
B,5A,U+6D3E,派
B,5B,U+6D41,流
B,5C,U+6D44,浄
B,5D,U+6D45,浅
B,5E,U+6D5C,浜
B,5F,U+6D66,浦
B,60,U+6D6A,浪
B,61,U+6D6E,浮
B,62,U+6D74,浴
B,63,U+6D77,海
B,64,U+6D78,浸
B,65,U+6D88,消
B,66,U+6D99,涙
B,67,U+6DAF,涯
B,68,U+6DB2,液
B,69,U+6DBC,涼
B,6A,U+6DD1,淑
B,6B,U+6DE1,淡
B,6C,U+6DEB,淫
B,6D,U+6DF1,深
B,6E,U+6DF7,混
B,6F,U+6DFB,添
B,70,U+6E05,清
B,71,U+6E07,渇
B,72,U+6E08,済
B,73,U+6E09,渉
B,74,U+6E0B,渋
B,75,U+6E13,渓
B,76,U+6E1B,減
B,77,U+6E21,渡
B,78,U+6E26,渦
B,79,U+6E29,温
B,7A,U+6E2C,測
B,7B,U+6E2F,港
B,7C,U+6E56,湖
B,7D,U+6E67,湧
B,7E,U+6E6F,湯
B,7F,U+6E7E,湾
B,80,U+6E7F,湿
B,81,U+6E80,満
B,82,U+6E90,源
B,83,U+6E96,準
B,84,U+6E9D,溝
B,85,U+6EB6,溶
B,86,U+6EBA,溺
B,87,U+6EC5,滅
B,88,U+6ECB,滋
B,89,U+6ED1,滑
B,8A,U+6EDD,滝
B,8B,U+6EDE,滞
B,8C,U+6EF4,滴
B,8D,U+6F01,漁
B,8E,U+6F02,漂
B,8F,U+6F06,漆
B,90,U+6F0F,漏
B,91,U+6F14,演
B,92,U+6F20,漠
B,93,U+6F22,漢
B,94,U+6F2B,漫
B,95,U+6F2C,漬
B,96,U+6F38,漸
B,97,U+6F54,潔
B,98,U+6F5C,潜
B,99,U+6F5F,潟
B,9A,U+6F64,潤
B,9B,U+6F6E,潮
B,9C,U+6F70,潰
B,9D,U+6F84,澄
B,9E,U+6FC0,激
B,9F,U+6FC1,濁
B,A0,U+6FC3,濃
B,A1,U+6FEB,濫
B,A2,U+6FEF,濯
B,A3,U+702C,瀬
B,A4,U+706B,火
B,A5,U+706F,灯
B,A6,U+7070,灰
B,A7,U+707D,災
B,A8,U+7089,炉
B,A9,U+708A,炊
B,AA,U+708E,炎
B,AB,U+70AD,炭
B,AC,U+70B9,点
B,AD,U+70BA,為
B,AE,U+70C8,烈
B,AF,U+7121,無
B,B0,U+7126,焦
B,B1,U+7136,然
B,B2,U+713C,焼
B,B3,U+714E,煎
B,B4,U+7159,煙
B,B5,U+7167,照
B,B6,U+7169,煩
B,B7,U+716E,煮
B,B8,U+718A,熊
B,B9,U+719F,熟
B,BA,U+71B1,熱
B,BB,U+71C3,燃
B,BC,U+71E5,燥
B,BD,U+7206,爆
B,BE,U+722A,爪
B,BF,U+7235,爵
B,C0,U+7236,父
B,C1,U+723D,爽
B,C2,U+7247,片
B,C3,U+7248,版
B,C4,U+7259,牙
B,C5,U+725B,牛
B,C6,U+7267,牧
B,C7,U+7269,物
B,C8,U+7272,牲
B,C9,U+7279,特
B,CA,U+72A0,犠
B,CB,U+72AC,犬
B,CC,U+72AF,犯
B,CD,U+72B6,状
B,CE,U+72C2,狂
B,CF,U+72D9,狙
B,D0,U+72E9,狩
B,D1,U+72EC,独
B,D2,U+72ED,狭
B,D3,U+731B,猛
B,D4,U+731F,猟
B,D5,U+732B,猫
B,D6,U+732E,献
B,D7,U+7336,猶
B,D8,U+733F,猿
B,D9,U+7344,獄
B,DA,U+7363,獣
B,DB,U+7372,獲
B,DC,U+7384,玄
B,DD,U+7387,率
B,DE,U+7389,玉
B,DF,U+738B,王
B,E0,U+73A9,玩
B,E1,U+73CD,珍
B,E2,U+73E0,珠
B,E3,U+73ED,班
B,E4,U+73FE,現
B,E5,U+7403,球
B,E6,U+7406,理
B,E7,U+7434,琴
B,E8,U+7460,瑠
B,E9,U+7483,璃
B,EA,U+74A7,璧
B,EB,U+74B0,環
B,EC,U+74BD,璽
B,ED,U+74E6,瓦
B,EE,U+74F6,瓶
B,EF,U+7518,甘
B,F0,U+751A,甚
B,F1,U+751F,生
B,F2,U+7523,産
B,F3,U+7528,用
B,F4,U+7530,田
B,F5,U+7531,由
B,F6,U+7532,甲
B,F7,U+7533,申
B,F8,U+7537,男
B,F9,U+753A,町
B,FA,U+753B,画
B,FB,U+754C,界
B,FC,U+754F,畏
B,FD,U+7551,畑
B,FE,U+7554,畔
B,FF,U+7559,留
C,0,U+755C,畜
C,1,U+755D,畝
C,2,U+7565,略
C,3,U+756A,番
C,4,U+7570,異
C,5,U+7573,畳
C,6,U+757F,畿
C,7,U+758E,疎
C,8,U+7591,疑
C,9,U+75AB,疫
C,A,U+75B2,疲
C,B,U+75BE,疾
C,C,U+75C5,病
C,D,U+75C7,症
C,E,U+75D5,痕
C,F,U+75D8,痘
C,10,U+75DB,痛
C,11,U+75E2,痢
C,12,U+75E9,痩
C,13,U+75F4,痴
C,14,U+760D,瘍
C,15,U+7642,療
C,16,U+7652,癒
C,17,U+7656,癖
C,18,U+767A,発
C,19,U+767B,登
C,1A,U+767D,白
C,1B,U+767E,百
C,1C,U+7684,的
C,1D,U+7686,皆
C,1E,U+7687,皇
C,1F,U+76AE,皮
C,20,U+76BF,皿
C,21,U+76C6,盆
C,22,U+76CA,益
C,23,U+76D7,盗
C,24,U+76DB,盛
C,25,U+76DF,盟
C,26,U+76E3,監
C,27,U+76E4,盤
C,28,U+76EE,目
C,29,U+76F2,盲
C,2A,U+76F4,直
C,2B,U+76F8,相
C,2C,U+76FE,盾
C,2D,U+7701,省
C,2E,U+7709,眉
C,2F,U+770B,看
C,30,U+770C,県
C,31,U+771F,真
C,32,U+7720,眠
C,33,U+773A,眺
C,34,U+773C,眼
C,35,U+7740,着
C,36,U+7761,睡
C,37,U+7763,督
C,38,U+7766,睦
C,39,U+77AC,瞬
C,3A,U+77AD,瞭
C,3B,U+77B3,瞳
C,3C,U+77DB,矛
C,3D,U+77E2,矢
C,3E,U+77E5,知
C,3F,U+77ED,短
C,40,U+77EF,矯
C,41,U+77F3,石
C,42,U+7802,砂
C,43,U+7814,研
C,44,U+7815,砕
C,45,U+7832,砲
C,46,U+7834,破
C,47,U+785D,硝
C,48,U+786B,硫
C,49,U+786C,硬
C,4A,U+7881,碁
C,4B,U+7891,碑
C,4C,U+78BA,確
C,4D,U+78C1,磁
C,4E,U+78E8,磨
C,4F,U+7901,礁
C,50,U+790E,礎
C,51,U+793A,示
C,52,U+793C,礼
C,53,U+793E,社
C,54,U+7948,祈
C,55,U+7949,祉
C,56,U+7956,祖
C,57,U+795D,祝
C,58,U+795E,神
C,59,U+7965,祥
C,5A,U+7968,票
C,5B,U+796D,祭
C,5C,U+7981,禁
C,5D,U+7985,禅
C,5E,U+798D,禍
C,5F,U+798F,福
C,60,U+79C0,秀
C,61,U+79C1,私
C,62,U+79CB,秋
C,63,U+79D1,科
C,64,U+79D2,秒
C,65,U+79D8,秘
C,66,U+79DF,租
C,67,U+79E9,秩
C,68,U+79F0,称
C,69,U+79FB,移
C,6A,U+7A0B,程
C,6B,U+7A0E,税
C,6C,U+7A1A,稚
C,6D,U+7A2E,種
C,6E,U+7A32,稲
C,6F,U+7A3C,稼
C,70,U+7A3D,稽
C,71,U+7A3F,稿
C,72,U+7A40,穀
C,73,U+7A42,穂
C,74,U+7A4D,積
C,75,U+7A4F,穏
C,76,U+7A6B,穫
C,77,U+7A74,穴
C,78,U+7A76,究
C,79,U+7A7A,空
C,7A,U+7A81,突
C,7B,U+7A83,窃
C,7C,U+7A92,窒
C,7D,U+7A93,窓
C,7E,U+7A9F,窟
C,7F,U+7AAE,窮
C,80,U+7AAF,窯
C,81,U+7ACB,立
C,82,U+7ADC,竜
C,83,U+7AE0,章
C,84,U+7AE5,童
C,85,U+7AEF,端
C,86,U+7AF6,競
C,87,U+7AF9,竹
C,88,U+7B11,笑
C,89,U+7B1B,笛
C,8A,U+7B26,符
C,8B,U+7B2C,第
C,8C,U+7B46,筆
C,8D,U+7B49,等
C,8E,U+7B4B,筋
C,8F,U+7B52,筒
C,90,U+7B54,答
C,91,U+7B56,策
C,92,U+7B87,箇
C,93,U+7B8B,箋
C,94,U+7B97,算
C,95,U+7BA1,管
C,96,U+7BB1,箱
C,97,U+7BB8,箸
C,98,U+7BC0,節
C,99,U+7BC4,範
C,9A,U+7BC9,築
C,9B,U+7BE4,篤
C,9C,U+7C21,簡
C,9D,U+7C3F,簿
C,9E,U+7C4D,籍
C,9F,U+7C60,籠
C,A0,U+7C73,米
C,A1,U+7C89,粉
C,A2,U+7C8B,粋
C,A3,U+7C92,粒
C,A4,U+7C97,粗
C,A5,U+7C98,粘
C,A6,U+7C9B,粛
C,A7,U+7CA7,粧
C,A8,U+7CBE,精
C,A9,U+7CD6,糖
C,AA,U+7CE7,糧
C,AB,U+7CF8,糸
C,AC,U+7CFB,系
C,AD,U+7CFE,糾
C,AE,U+7D00,紀
C,AF,U+7D04,約
C,B0,U+7D05,紅
C,B1,U+7D0B,紋
C,B2,U+7D0D,納
C,B3,U+7D14,純
C,B4,U+7D19,紙
C,B5,U+7D1A,級
C,B6,U+7D1B,紛
C,B7,U+7D20,素
C,B8,U+7D21,紡
C,B9,U+7D22,索
C,BA,U+7D2B,紫
C,BB,U+7D2F,累
C,BC,U+7D30,細
C,BD,U+7D33,紳
C,BE,U+7D39,紹
C,BF,U+7D3A,紺
C,C0,U+7D42,終
C,C1,U+7D44,組
C,C2,U+7D4C,経
C,C3,U+7D50,結
C,C4,U+7D5E,絞
C,C5,U+7D61,絡
C,C6,U+7D66,給
C,C7,U+7D71,統
C,C8,U+7D75,絵
C,C9,U+7D76,絶
C,CA,U+7D79,絹
C,CB,U+7D99,継
C,CC,U+7D9A,続
C,CD,U+7DAD,維
C,CE,U+7DB1,綱
C,CF,U+7DB2,網
C,D0,U+7DBB,綻
C,D1,U+7DBF,綿
C,D2,U+7DCA,緊
C,D3,U+7DCF,総
C,D4,U+7DD1,緑
C,D5,U+7DD2,緒
C,D6,U+7DDA,線
C,D7,U+7DE0,締
C,D8,U+7DE8,編
C,D9,U+7DE9,緩
C,DA,U+7DEF,緯
C,DB,U+7DF4,練
C,DC,U+7DFB,緻
C,DD,U+7E01,縁
C,DE,U+7E04,縄
C,DF,U+7E1B,縛
C,E0,U+7E26,縦
C,E1,U+7E2B,縫
C,E2,U+7E2E,縮
C,E3,U+7E3E,績
C,E4,U+7E41,繁
C,E5,U+7E4A,繊
C,E6,U+7E54,織
C,E7,U+7E55,繕
C,E8,U+7E6D,繭
C,E9,U+7E70,繰
C,EA,U+7F36,缶
C,EB,U+7F6A,罪
C,EC,U+7F6E,置
C,ED,U+7F70,罰
C,EE,U+7F72,署
C,EF,U+7F75,罵
C,F0,U+7F77,罷
C,F1,U+7F85,羅
C,F2,U+7F8A,羊
C,F3,U+7F8E,美
C,F4,U+7F9E,羞
C,F5,U+7FA4,群
C,F6,U+7FA8,羨
C,F7,U+7FA9,義
C,F8,U+7FBD,羽
C,F9,U+7FC1,翁
C,FA,U+7FCC,翌
C,FB,U+7FD2,習
C,FC,U+7FFB,翻
C,FD,U+7FFC,翼
C,FE,U+8001,老
C,FF,U+8003,考
D,0,U+8005,者
D,1,U+8010,耐
D,2,U+8015,耕
D,3,U+8017,耗
D,4,U+8033,耳
D,5,U+8056,聖
D,6,U+805E,聞
D,7,U+8074,聴
D,8,U+8077,職
D,9,U+8089,肉
D,A,U+808C,肌
D,B,U+8096,肖
D,C,U+8098,肘
D,D,U+809D,肝
D,E,U+80A1,股
D,F,U+80A2,肢
D,10,U+80A5,肥
D,11,U+80A9,肩
D,12,U+80AA,肪
D,13,U+80AF,肯
D,14,U+80B2,育
D,15,U+80BA,肺
D,16,U+80C3,胃
D,17,U+80C6,胆
D,18,U+80CC,背
D,19,U+80CE,胎
D,1A,U+80DE,胞
D,1B,U+80F4,胴
D,1C,U+80F8,胸
D,1D,U+80FD,能
D,1E,U+8102,脂
D,1F,U+8105,脅
D,20,U+8107,脇
D,21,U+8108,脈
D,22,U+810A,脊
D,23,U+811A,脚
D,24,U+8131,脱
D,25,U+8133,脳
D,26,U+814E,腎
D,27,U+8150,腐
D,28,U+8155,腕
D,29,U+816B,腫
D,2A,U+8170,腰
D,2B,U+8178,腸
D,2C,U+8179,腹
D,2D,U+817A,腺
D,2E,U+819A,膚
D,2F,U+819C,膜
D,30,U+819D,膝
D,31,U+81A8,膨
D,32,U+81B3,膳
D,33,U+81C6,臆
D,34,U+81D3,臓
D,35,U+81E3,臣
D,36,U+81E8,臨
D,37,U+81EA,自
D,38,U+81ED,臭
D,39,U+81F3,至
D,3A,U+81F4,致
D,3B,U+81FC,臼
D,3C,U+8208,興
D,3D,U+820C,舌
D,3E,U+820E,舎
D,3F,U+8217,舗
D,40,U+821E,舞
D,41,U+821F,舟
D,42,U+822A,航
D,43,U+822C,般
D,44,U+8236,舶
D,45,U+8237,舷
D,46,U+8239,船
D,47,U+8247,艇
D,48,U+8266,艦
D,49,U+826F,良
D,4A,U+8272,色
D,4B,U+8276,艶
D,4C,U+828B,芋
D,4D,U+829D,芝
D,4E,U+82AF,芯
D,4F,U+82B1,花
D,50,U+82B3,芳
D,51,U+82B8,芸
D,52,U+82BD,芽
D,53,U+82D7,苗
D,54,U+82DB,苛
D,55,U+82E5,若
D,56,U+82E6,苦
D,57,U+82F1,英
D,58,U+8302,茂
D,59,U+830E,茎
D,5A,U+8328,茨
D,5B,U+8336,茶
D,5C,U+8349,草
D,5D,U+8352,荒
D,5E,U+8358,荘
D,5F,U+8377,荷
D,60,U+83CA,菊
D,61,U+83CC,菌
D,62,U+83D3,菓
D,63,U+83DC,菜
D,64,U+83EF,華
D,65,U+840E,萎
D,66,U+843D,落
D,67,U+8449,葉
D,68,U+8457,著
D,69,U+845B,葛
D,6A,U+846C,葬
D,6B,U+84B8,蒸
D,6C,U+84C4,蓄
D,6D,U+84CB,蓋
D,6E,U+8511,蔑
D,6F,U+8535,蔵
D,70,U+853D,蔽
D,71,U+8584,薄
D,72,U+85A6,薦
D,73,U+85AA,薪
D,74,U+85AB,薫
D,75,U+85AC,薬
D,76,U+85CD,藍
D,77,U+85E4,藤
D,78,U+85E9,藩
D,79,U+85FB,藻
D,7A,U+864E,虎
D,7B,U+8650,虐
D,7C,U+865A,虚
D,7D,U+865C,虜
D,7E,U+865E,虞
D,7F,U+866B,虫
D,80,U+8679,虹
D,81,U+868A,蚊
D,82,U+8695,蚕
D,83,U+86C7,蛇
D,84,U+86CD,蛍
D,85,U+86EE,蛮
D,86,U+8702,蜂
D,87,U+871C,蜜
D,88,U+878D,融
D,89,U+8840,血
D,8A,U+8846,衆
D,8B,U+884C,行
D,8C,U+8853,術
D,8D,U+8857,街
D,8E,U+885B,衛
D,8F,U+885D,衝
D,90,U+8861,衡
D,91,U+8863,衣
D,92,U+8868,表
D,93,U+8870,衰
D,94,U+8877,衷
D,95,U+888B,袋
D,96,U+8896,袖
D,97,U+88AB,被
D,98,U+88C1,裁
D,99,U+88C2,裂
D,9A,U+88C5,装
D,9B,U+88CF,裏
D,9C,U+88D5,裕
D,9D,U+88DC,補
D,9E,U+88F8,裸
D,9F,U+88FD,製
D,A0,U+88FE,裾
D,A1,U+8907,複
D,A2,U+8910,褐
D,A3,U+8912,褒
D,A4,U+895F,襟
D,A5,U+8972,襲
D,A6,U+897F,西
D,A7,U+8981,要
D,A8,U+8986,覆
D,A9,U+8987,覇
D,AA,U+898B,見
D,AB,U+898F,規
D,AC,U+8996,視
D,AD,U+899A,覚
D,AE,U+89A7,覧
D,AF,U+89AA,親
D,B0,U+89B3,観
D,B1,U+89D2,角
D,B2,U+89E3,解
D,B3,U+89E6,触
D,B4,U+8A00,言
D,B5,U+8A02,訂
D,B6,U+8A03,訃
D,B7,U+8A08,計
D,B8,U+8A0E,討
D,B9,U+8A13,訓
D,BA,U+8A17,託
D,BB,U+8A18,記
D,BC,U+8A1F,訟
D,BD,U+8A2A,訪
D,BE,U+8A2D,設
D,BF,U+8A31,許
D,C0,U+8A33,訳
D,C1,U+8A34,訴
D,C2,U+8A3A,診
D,C3,U+8A3C,証
D,C4,U+8A50,詐
D,C5,U+8A54,詔
D,C6,U+8A55,評
D,C7,U+8A5E,詞
D,C8,U+8A60,詠
D,C9,U+8A63,詣
D,CA,U+8A66,試
D,CB,U+8A69,詩
D,CC,U+8A6E,詮
D,CD,U+8A70,詰
D,CE,U+8A71,話
D,CF,U+8A72,該
D,D0,U+8A73,詳
D,D1,U+8A87,誇
D,D2,U+8A89,誉
D,D3,U+8A8C,誌
D,D4,U+8A8D,認
D,D5,U+8A93,誓
D,D6,U+8A95,誕
D,D7,U+8A98,誘
D,D8,U+8A9E,語
D,D9,U+8AA0,誠
D,DA,U+8AA4,誤
D,DB,U+8AAC,説
D,DC,U+8AAD,読
D,DD,U+8AB0,誰
D,DE,U+8AB2,課
D,DF,U+8ABF,調
D,E0,U+8AC7,談
D,E1,U+8ACB,請
D,E2,U+8AD6,論
D,E3,U+8AE6,諦
D,E4,U+8AE7,諧
D,E5,U+8AED,諭
D,E6,U+8AEE,諮
D,E7,U+8AF8,諸
D,E8,U+8AFE,諾
D,E9,U+8B00,謀
D,EA,U+8B01,謁
D,EB,U+8B04,謄
D,EC,U+8B0E,謎
D,ED,U+8B19,謙
D,EE,U+8B1B,講
D,EF,U+8B1D,謝
D,F0,U+8B21,謡
D,F1,U+8B39,謹
D,F2,U+8B58,識
D,F3,U+8B5C,譜
D,F4,U+8B66,警
D,F5,U+8B70,議
D,F6,U+8B72,譲
D,F7,U+8B77,護
D,F8,U+8C37,谷
D,F9,U+8C46,豆
D,FA,U+8C4A,豊
D,FB,U+8C5A,豚
D,FC,U+8C61,象
D,FD,U+8C6A,豪
D,FE,U+8C8C,貌
D,FF,U+8C9D,貝
E,0,U+8C9E,貞
E,1,U+8CA0,負
E,2,U+8CA1,財
E,3,U+8CA2,貢
E,4,U+8CA7,貧
E,5,U+8CA8,貨
E,6,U+8CA9,販
E,7,U+8CAA,貪
E,8,U+8CAB,貫
E,9,U+8CAC,責
E,A,U+8CAF,貯
E,B,U+8CB4,貴
E,C,U+8CB7,買
E,D,U+8CB8,貸
E,E,U+8CBB,費
E,F,U+8CBC,貼
E,10,U+8CBF,貿
E,11,U+8CC0,賀
E,12,U+8CC2,賂
E,13,U+8CC3,賃
E,14,U+8CC4,賄
E,15,U+8CC7,資
E,16,U+8CCA,賊
E,17,U+8CD3,賓
E,18,U+8CDB,賛
E,19,U+8CDC,賜
E,1A,U+8CDE,賞
E,1B,U+8CE0,賠
E,1C,U+8CE2,賢
E,1D,U+8CE6,賦
E,1E,U+8CEA,質
E,1F,U+8CED,賭
E,20,U+8CFC,購
E,21,U+8D08,贈
E,22,U+8D64,赤
E,23,U+8D66,赦
E,24,U+8D70,走
E,25,U+8D74,赴
E,26,U+8D77,起
E,27,U+8D85,超
E,28,U+8D8A,越
E,29,U+8DA3,趣
E,2A,U+8DB3,足
E,2B,U+8DDD,距
E,2C,U+8DE1,跡
E,2D,U+8DEF,路
E,2E,U+8DF3,跳
E,2F,U+8DF5,践
E,30,U+8E0A,踊
E,31,U+8E0F,踏
E,32,U+8E2A,踪
E,33,U+8E74,蹴
E,34,U+8E8D,躍
E,35,U+8EAB,身
E,36,U+8ECA,車
E,37,U+8ECC,軌
E,38,U+8ECD,軍
E,39,U+8ED2,軒
E,3A,U+8EDF,軟
E,3B,U+8EE2,転
E,3C,U+8EF8,軸
E,3D,U+8EFD,軽
E,3E,U+8F03,較
E,3F,U+8F09,載
E,40,U+8F1D,輝
E,41,U+8F29,輩
E,42,U+8F2A,輪
E,43,U+8F38,輸
E,44,U+8F44,轄
E,45,U+8F9B,辛
E,46,U+8F9E,辞
E,47,U+8FA3,辣
E,48,U+8FB1,辱
E,49,U+8FB2,農
E,4A,U+8FBA,辺
E,4B,U+8FBC,込
E,4C,U+8FC5,迅
E,4D,U+8FCE,迎
E,4E,U+8FD1,近
E,4F,U+8FD4,返
E,50,U+8FEB,迫
E,51,U+8FED,迭
E,52,U+8FF0,述
E,53,U+8FF7,迷
E,54,U+8FFD,追
E,55,U+9000,退
E,56,U+9001,送
E,57,U+9003,逃
E,58,U+9006,逆
E,59,U+900F,透
E,5A,U+9010,逐
E,5B,U+9013,逓
E,5C,U+9014,途
E,5D,U+901A,通
E,5E,U+901D,逝
E,5F,U+901F,速
E,60,U+9020,造
E,61,U+9023,連
E,62,U+902E,逮
E,63,U+9031,週
E,64,U+9032,進
E,65,U+9038,逸
E,66,U+9042,遂
E,67,U+9045,遅
E,68,U+9047,遇
E,69,U+904A,遊
E,6A,U+904B,運
E,6B,U+904D,遍
E,6C,U+904E,過
E,6D,U+9053,道
E,6E,U+9054,達
E,6F,U+9055,違
E,70,U+905C,遜
E,71,U+9060,遠
E,72,U+9061,遡
E,73,U+9063,遣
E,74,U+9069,適
E,75,U+906D,遭
E,76,U+906E,遮
E,77,U+9075,遵
E,78,U+9077,遷
E,79,U+9078,選
E,7A,U+907A,遺
E,7B,U+907F,避
E,7C,U+9084,還
E,7D,U+90A3,那
E,7E,U+90A6,邦
E,7F,U+90AA,邪
E,80,U+90B8,邸
E,81,U+90CA,郊
E,82,U+90CE,郎
E,83,U+90E1,郡
E,84,U+90E8,部
E,85,U+90ED,郭
E,86,U+90F5,郵
E,87,U+90F7,郷
E,88,U+90FD,都
E,89,U+914C,酌
E,8A,U+914D,配
E,8B,U+914E,酎
E,8C,U+9152,酒
E,8D,U+9154,酔
E,8E,U+9162,酢
E,8F,U+916A,酪
E,90,U+916C,酬
E,91,U+9175,酵
E,92,U+9177,酷
E,93,U+9178,酸
E,94,U+9192,醒
E,95,U+919C,醜
E,96,U+91B8,醸
E,97,U+91C7,采
E,98,U+91C8,釈
E,99,U+91CC,里
E,9A,U+91CD,重
E,9B,U+91CE,野
E,9C,U+91CF,量
E,9D,U+91D1,金
E,9E,U+91DC,釜
E,9F,U+91DD,針
E,A0,U+91E3,釣
E,A1,U+920D,鈍
E,A2,U+9234,鈴
E,A3,U+9244,鉄
E,A4,U+925B,鉛
E,A5,U+9262,鉢
E,A6,U+9271,鉱
E,A7,U+9280,銀
E,A8,U+9283,銃
E,A9,U+9285,銅
E,AA,U+9298,銘
E,AB,U+92AD,銭
E,AC,U+92ED,鋭
E,AD,U+92F3,鋳
E,AE,U+92FC,鋼
E,AF,U+9320,錠
E,B0,U+9326,錦
E,B1,U+932C,錬
E,B2,U+932E,錮
E,B3,U+932F,錯
E,B4,U+9332,録
E,B5,U+934B,鍋
E,B6,U+935B,鍛
E,B7,U+9375,鍵
E,B8,U+938C,鎌
E,B9,U+9396,鎖
E,BA,U+93AE,鎮
E,BB,U+93E1,鏡
E,BC,U+9418,鐘
E,BD,U+9451,鑑
E,BE,U+9577,長
E,BF,U+9580,門
E,C0,U+9589,閉
E,C1,U+958B,開
E,C2,U+9591,閑
E,C3,U+9593,間
E,C4,U+95A2,関
E,C5,U+95A3,閣
E,C6,U+95A5,閥
E,C7,U+95B2,閲
E,C8,U+95C7,闇
E,C9,U+95D8,闘
E,CA,U+961C,阜
E,CB,U+962A,阪
E,CC,U+9632,防
E,CD,U+963B,阻
E,CE,U+9644,附
E,CF,U+964D,降
E,D0,U+9650,限
E,D1,U+965B,陛
E,D2,U+9662,院
E,D3,U+9663,陣
E,D4,U+9664,除
E,D5,U+9665,陥
E,D6,U+966A,陪
E,D7,U+9670,陰
E,D8,U+9673,陳
E,D9,U+9675,陵
E,DA,U+9676,陶
E,DB,U+9678,陸
E,DC,U+967A,険
E,DD,U+967D,陽
E,DE,U+9685,隅
E,DF,U+9686,隆
E,E0,U+968A,隊
E,E1,U+968E,階
E,E2,U+968F,随
E,E3,U+9694,隔
E,E4,U+9699,隙
E,E5,U+969B,際
E,E6,U+969C,障
E,E7,U+96A0,隠
E,E8,U+96A3,隣
E,E9,U+96B7,隷
E,EA,U+96BB,隻
E,EB,U+96C4,雄
E,EC,U+96C5,雅
E,ED,U+96C6,集
E,EE,U+96C7,雇
E,EF,U+96CC,雌
E,F0,U+96D1,雑
E,F1,U+96E2,離
E,F2,U+96E3,難
E,F3,U+96E8,雨
E,F4,U+96EA,雪
E,F5,U+96F0,雰
E,F6,U+96F2,雲
E,F7,U+96F6,零
E,F8,U+96F7,雷
E,F9,U+96FB,電
E,FA,U+9700,需
E,FB,U+9707,震
E,FC,U+970A,霊
E,FD,U+971C,霜
E,FE,U+9727,霧
E,FF,U+9732,露
F,0,U+9752,青
F,1,U+9759,静
F,2,U+975E,非
F,3,U+9762,面
F,4,U+9769,革
F,5,U+9774,靴
F,6,U+97D3,韓
F,7,U+97F3,音
F,8,U+97FB,韻
F,9,U+97FF,響
F,A,U+9802,頂
F,B,U+9803,頃
F,C,U+9805,項
F,D,U+9806,順
F,E,U+9808,須
F,F,U+9810,預
F,10,U+9811,頑
F,11,U+9812,頒
F,12,U+9813,頓
F,13,U+9818,領
F,14,U+982D,頭
F,15,U+9830,頰
F,16,U+983B,頻
F,17,U+983C,頼
F,18,U+984C,題
F,19,U+984D,額
F,1A,U+984E,顎
F,1B,U+9854,顔
F,1C,U+9855,顕
F,1D,U+9858,願
F,1E,U+985E,類
F,1F,U+9867,顧
F,20,U+98A8,風
F,21,U+98DB,飛
F,22,U+98DF,食
F,23,U+98E2,飢
F,24,U+98EF,飯
F,25,U+98F2,飲
F,26,U+98FC,飼
F,27,U+98FD,飽
F,28,U+98FE,飾
F,29,U+9905,餅
F,2A,U+990A,養
F,2B,U+990C,餌
F,2C,U+9913,餓
F,2D,U+9928,館
F,2E,U+9996,首
F,2F,U+9999,香
F,30,U+99AC,馬
F,31,U+99C4,駄
F,32,U+99C5,駅
F,33,U+99C6,駆
F,34,U+99D0,駐
F,35,U+99D2,駒
F,36,U+9A0E,騎
F,37,U+9A12,騒
F,38,U+9A13,験
F,39,U+9A30,騰
F,3A,U+9A5A,驚
F,3B,U+9AA8,骨
F,3C,U+9AB8,骸
F,3D,U+9AC4,髄
F,3E,U+9AD8,高
F,3F,U+9AEA,髪
F,40,U+9B31,鬱
F,41,U+9B3C,鬼
F,42,U+9B42,魂
F,43,U+9B45,魅
F,44,U+9B54,魔
F,45,U+9B5A,魚
F,46,U+9BAE,鮮
F,47,U+9BE8,鯨
F,48,U+9CE5,鳥
F,49,U+9CF4,鳴
F,4A,U+9D8F,鶏
F,4B,U+9DB4,鶴
F,4C,U+9E7F,鹿
F,4D,U+9E93,麓
F,4E,U+9E97,麗
F,4F,U+9EA6,麦
F,50,U+9EBA,麺
F,51,U+9EBB,麻
F,52,U+9EC4,黄
F,53,U+9ED2,黒
F,54,U+9ED9,黙
F,55,U+9F13,鼓
F,56,U+9F3B,鼻
F,57,U+9F62,齢
